<TextureAtlas imagePath="sheet.png">
	<SubTexture name="BackgroundBlack.png" x="268" y="1120" width="132" height="183"/>
	<SubTexture name="BackgroundRed.png" x="268" y="1305" width="132" height="183"/>
	<SubTexture name="Diamond_10.png" x="669" y="0" width="121" height="185"/>
	<SubTexture name="Diamond_2.png" x="0" y="935" width="132" height="185"/>
	<SubTexture name="Diamond_3.png" x="0" y="187" width="132" height="185"/>
	<SubTexture name="Diamond_4.png" x="0" y="0" width="132" height="185"/>
	<SubTexture name="Diamond_5.png" x="134" y="748" width="132" height="185"/>
	<SubTexture name="Diamond_6.png" x="402" y="0" width="132" height="185"/>
	<SubTexture name="Diamond_7.png" x="402" y="187" width="132" height="174"/>
	<SubTexture name="Diamond_8.png" x="669" y="737" width="121" height="183"/>
	<SubTexture name="Diamond_9.png" x="669" y="374" width="121" height="185"/>
	<SubTexture name="Diamond_A.png" x="669" y="561" width="121" height="174"/>
	<SubTexture name="Diamond_J.png" x="669" y="187" width="121" height="185"/>
	<SubTexture name="Diamond_K.png" x="669" y="922" width="121" height="185"/>
	<SubTexture name="Diamond_Q.png" x="669" y="1109" width="121" height="185"/>
	<SubTexture name="GoldDice_Green1.png" x="1389" y="686" width="95" height="96"/>
	<SubTexture name="GoldDice_Green2.png" x="1396" y="784" width="95" height="96"/>
	<SubTexture name="GoldDice_Green3.png" x="1396" y="882" width="95" height="96"/>
	<SubTexture name="GoldDice_Green4.png" x="1471" y="980" width="95" height="96"/>
	<SubTexture name="GoldDice_Green5.png" x="1471" y="1078" width="95" height="96"/>
	<SubTexture name="GoldDice_Green6.png" x="1471" y="1176" width="95" height="96"/>
	<SubTexture name="GoldDice_blue1.png" x="1277" y="1899" width="95" height="96"/>
	<SubTexture name="GoldDice_blue2.png" x="1083" y="1901" width="95" height="96"/>
	<SubTexture name="GoldDice_blue3.png" x="920" y="1383" width="95" height="96"/>
	<SubTexture name="GoldDice_blue4.png" x="889" y="1912" width="95" height="96"/>
	<SubTexture name="GoldDice_blue5.png" x="792" y="1912" width="95" height="96"/>
	<SubTexture name="GoldDice_blue6.png" x="1374" y="1231" width="95" height="96"/>
	<SubTexture name="GoldDice_red1.png" x="1471" y="1819" width="95" height="96"/>
	<SubTexture name="GoldDice_red2.png" x="1471" y="1917" width="95" height="96"/>
	<SubTexture name="GoldDice_red3.png" x="1486" y="0" width="95" height="96"/>
	<SubTexture name="GoldDice_red4.png" x="1486" y="98" width="95" height="96"/>
	<SubTexture name="GoldDice_red5.png" x="1486" y="196" width="95" height="96"/>
	<SubTexture name="GoldDice_red6.png" x="1486" y="294" width="95" height="96"/>
	<SubTexture name="GoldDice_white1.png" x="1486" y="392" width="95" height="96"/>
	<SubTexture name="GoldDice_white2.png" x="1486" y="490" width="95" height="96"/>
	<SubTexture name="GoldDice_white3.png" x="1486" y="588" width="95" height="96"/>
	<SubTexture name="GoldDice_white4.png" x="1486" y="686" width="95" height="96"/>
	<SubTexture name="GoldDice_white5.png" x="1486" y="1274" width="95" height="96"/>
	<SubTexture name="GoldDice_white6.png" x="1486" y="1372" width="95" height="96"/>
	<SubTexture name="Heart_10.png" x="402" y="363" width="132" height="185"/>
	<SubTexture name="Heart_2.png" x="0" y="1122" width="132" height="185"/>
	<SubTexture name="Heart_3.png" x="0" y="1309" width="132" height="185"/>
	<SubTexture name="Heart_4.png" x="402" y="902" width="132" height="185"/>
	<SubTexture name="Heart_5.png" x="268" y="1675" width="132" height="185"/>
	<SubTexture name="Heart_6.png" x="134" y="935" width="132" height="185"/>
	<SubTexture name="Heart_7.png" x="268" y="1862" width="132" height="174"/>
	<SubTexture name="Heart_8.png" x="268" y="1490" width="132" height="183"/>
	<SubTexture name="Heart_9.png" x="134" y="561" width="132" height="185"/>
	<SubTexture name="Heart_A.png" x="402" y="550" width="132" height="174"/>
	<SubTexture name="Heart_J.png" x="134" y="374" width="132" height="185"/>
	<SubTexture name="Heart_K.png" x="134" y="1122" width="132" height="185"/>
	<SubTexture name="Heart_Q.png" x="134" y="1309" width="132" height="185"/>
	<SubTexture name="blackDice_blue1.png" x="1389" y="588" width="95" height="96"/>
	<SubTexture name="blackDice_blue2.png" x="1389" y="490" width="95" height="96"/>
	<SubTexture name="blackDice_blue3.png" x="1389" y="392" width="95" height="96"/>
	<SubTexture name="blackDice_blue4.png" x="1389" y="294" width="95" height="96"/>
	<SubTexture name="blackDice_blue5.png" x="1389" y="196" width="95" height="96"/>
	<SubTexture name="blackDice_blue6.png" x="1389" y="98" width="95" height="96"/>
	<SubTexture name="blackDice_green1.png" x="1389" y="0" width="95" height="96"/>
	<SubTexture name="blackDice_green2.png" x="1389" y="1721" width="95" height="96"/>
	<SubTexture name="blackDice_green3.png" x="1389" y="1623" width="95" height="96"/>
	<SubTexture name="blackDice_green4.png" x="1389" y="1525" width="95" height="96"/>
	<SubTexture name="blackDice_green5.png" x="1389" y="1427" width="95" height="96"/>
	<SubTexture name="blackDice_green6.png" x="1389" y="1329" width="95" height="96"/>
	<SubTexture name="blackDice_red1.png" x="1374" y="1899" width="95" height="96"/>
	<SubTexture name="blackDice_red2.png" x="1486" y="1568" width="95" height="96"/>
	<SubTexture name="blackDice_red3.png" x="1486" y="1470" width="95" height="96"/>
	<SubTexture name="blackDice_red4.png" x="1374" y="1035" width="95" height="96"/>
	<SubTexture name="blackDice_red5.png" x="1277" y="1231" width="95" height="96"/>
	<SubTexture name="blackDice_red6.png" x="1277" y="1133" width="95" height="96"/>
	<SubTexture name="blackDice_white1.png" x="1493" y="784" width="95" height="96"/>
	<SubTexture name="blackDice_white2.png" x="1486" y="1666" width="95" height="96"/>
	<SubTexture name="blackDice_white3.png" x="1180" y="1899" width="95" height="96"/>
	<SubTexture name="blackDice_white4.png" x="1374" y="1133" width="95" height="96"/>
	<SubTexture name="blackDice_white5.png" x="986" y="1901" width="95" height="96"/>
	<SubTexture name="blackDice_white6.png" x="1277" y="1035" width="95" height="96"/>
	<SubTexture name="cardOutline_clubs10.png" x="1270" y="518" width="117" height="171"/>
	<SubTexture name="cardOutline_clubs2.png" x="912" y="173" width="118" height="171"/>
	<SubTexture name="cardOutline_clubs3.png" x="792" y="689" width="118" height="171"/>
	<SubTexture name="cardOutline_clubs4.png" x="912" y="519" width="118" height="171"/>
	<SubTexture name="cardOutline_clubs5.png" x="912" y="692" width="118" height="171"/>
	<SubTexture name="cardOutline_clubs6.png" x="792" y="172" width="118" height="170"/>
	<SubTexture name="cardOutline_clubs7.png" x="792" y="0" width="118" height="170"/>
	<SubTexture name="cardOutline_clubs8.png" x="920" y="1037" width="117" height="171"/>
	<SubTexture name="cardOutline_clubs9.png" x="920" y="1210" width="117" height="171"/>
	<SubTexture name="cardOutline_clubsA.png" x="1032" y="1383" width="117" height="170"/>
	<SubTexture name="cardOutline_clubsJ.png" x="1032" y="1555" width="117" height="171"/>
	<SubTexture name="cardOutline_clubsK.png" x="1032" y="1728" width="117" height="171"/>
	<SubTexture name="cardOutline_clubsQ.png" x="1032" y="0" width="117" height="170"/>
	<SubTexture name="cardOutline_diamond10.png" x="1032" y="172" width="117" height="171"/>
	<SubTexture name="cardOutline_diamond2.png" x="792" y="344" width="118" height="171"/>
	<SubTexture name="cardOutline_diamond3.png" x="792" y="1035" width="118" height="171"/>
	<SubTexture name="cardOutline_diamond4.png" x="792" y="1566" width="118" height="171"/>
	<SubTexture name="cardOutline_diamond5.png" x="792" y="1739" width="118" height="171"/>
	<SubTexture name="cardOutline_diamond6.png" x="800" y="1208" width="118" height="170"/>
	<SubTexture name="cardOutline_diamond7.png" x="800" y="1380" width="118" height="170"/>
	<SubTexture name="cardOutline_diamond8.png" x="1032" y="345" width="117" height="171"/>
	<SubTexture name="cardOutline_diamond9.png" x="1032" y="518" width="117" height="171"/>
	<SubTexture name="cardOutline_diamondA.png" x="1032" y="691" width="117" height="170"/>
	<SubTexture name="cardOutline_diamondJ.png" x="1032" y="863" width="117" height="170"/>
	<SubTexture name="cardOutline_diamondK.png" x="1277" y="863" width="117" height="170"/>
	<SubTexture name="cardOutline_diamondQ.png" x="1270" y="346" width="117" height="170"/>
	<SubTexture name="cardOutline_heart10.png" x="1270" y="173" width="117" height="171"/>
	<SubTexture name="cardOutline_heart2.png" x="1270" y="0" width="117" height="171"/>
	<SubTexture name="cardOutline_heart3.png" x="1270" y="1726" width="117" height="171"/>
	<SubTexture name="cardOutline_heart4.png" x="1270" y="1553" width="117" height="171"/>
	<SubTexture name="cardOutline_heart5.png" x="1270" y="1380" width="117" height="171"/>
	<SubTexture name="cardOutline_heart6.png" x="1158" y="1208" width="117" height="170"/>
	<SubTexture name="cardOutline_heart7.png" x="1158" y="1036" width="117" height="170"/>
	<SubTexture name="cardOutline_heart8.png" x="1158" y="863" width="117" height="171"/>
	<SubTexture name="cardOutline_heart9.png" x="1151" y="690" width="117" height="171"/>
	<SubTexture name="cardOutline_heartA.png" x="1151" y="518" width="117" height="170"/>
	<SubTexture name="cardOutline_heartJ.png" x="1151" y="345" width="117" height="171"/>
	<SubTexture name="cardOutline_heartK.png" x="1151" y="172" width="117" height="171"/>
	<SubTexture name="cardOutline_heartQ.png" x="1151" y="0" width="117" height="170"/>
	<SubTexture name="cardOutline_spades10.png" x="912" y="1552" width="118" height="171"/>
	<SubTexture name="cardOutline_spades2.png" x="1151" y="1726" width="117" height="171"/>
	<SubTexture name="cardOutline_spades3.png" x="1151" y="1553" width="117" height="171"/>
	<SubTexture name="cardOutline_spades4.png" x="1151" y="1380" width="117" height="171"/>
	<SubTexture name="cardOutline_spades5.png" x="1039" y="1207" width="117" height="171"/>
	<SubTexture name="cardOutline_spades6.png" x="1270" y="691" width="117" height="170"/>
	<SubTexture name="cardOutline_spades7.png" x="1039" y="1035" width="117" height="170"/>
	<SubTexture name="cardOutline_spades8.png" x="912" y="0" width="118" height="171"/>
	<SubTexture name="cardOutline_spades9.png" x="792" y="862" width="118" height="171"/>
	<SubTexture name="cardOutline_spadesA.png" x="792" y="517" width="118" height="170"/>
	<SubTexture name="cardOutline_spadesJ.png" x="912" y="346" width="118" height="171"/>
	<SubTexture name="cardOutline_spadesK.png" x="912" y="1725" width="118" height="171"/>
	<SubTexture name="cardOutline_spadesQ.png" x="912" y="865" width="118" height="170"/>
	<SubTexture name="chipBlack.png" x="536" y="0" width="131" height="131"/>
	<SubTexture name="chipBlue.png" x="535" y="1461" width="131" height="130"/>
	<SubTexture name="chipGreen.png" x="536" y="1301" width="130" height="130"/>
	<SubTexture name="chipOrange.png" x="536" y="794" width="131" height="131"/>
	<SubTexture name="chipPurple.png" x="536" y="661" width="131" height="131"/>
	<SubTexture name="chipRed.png" x="536" y="529" width="131" height="130"/>
	<SubTexture name="chipWhite.png" x="536" y="397" width="131" height="130"/>
	<SubTexture name="chipYellow.png" x="668" y="1301" width="130" height="131"/>
	<SubTexture name="chip_bigBlind.png" x="536" y="265" width="131" height="130"/>
	<SubTexture name="chip_dealer.png" x="536" y="133" width="131" height="130"/>
	<SubTexture name="chip_smallBlind.png" x="402" y="1461" width="131" height="131"/>
	<SubTexture name="club_10.png" x="0" y="1496" width="132" height="185"/>
	<SubTexture name="club_2.png" x="536" y="927" width="131" height="185"/>
	<SubTexture name="club_3.png" x="536" y="1114" width="131" height="185"/>
	<SubTexture name="club_4.png" x="535" y="1780" width="131" height="185"/>
	<SubTexture name="club_5.png" x="402" y="1770" width="131" height="185"/>
	<SubTexture name="club_6.png" x="535" y="1593" width="131" height="185"/>
	<SubTexture name="club_7.png" x="402" y="1594" width="131" height="174"/>
	<SubTexture name="club_8.png" x="402" y="1276" width="132" height="183"/>
	<SubTexture name="club_9.png" x="402" y="1089" width="132" height="185"/>
	<SubTexture name="club_A.png" x="0" y="1870" width="132" height="174"/>
	<SubTexture name="club_J.png" x="0" y="374" width="132" height="185"/>
	<SubTexture name="club_K.png" x="0" y="561" width="132" height="185"/>
	<SubTexture name="club_Q.png" x="0" y="748" width="132" height="185"/>
	<SubTexture name="sideChip_bigBlind.png" x="652" y="1967" width="123" height="64"/>
	<SubTexture name="sideChip_black.png" x="668" y="1698" width="122" height="64"/>
	<SubTexture name="sideChip_blue.png" x="668" y="1434" width="123" height="64"/>
	<SubTexture name="sideChip_dealer.png" x="668" y="1830" width="122" height="64"/>
	<SubTexture name="sideChip_green.png" x="668" y="1896" width="122" height="64"/>
	<SubTexture name="sideChip_orange.png" x="402" y="1957" width="123" height="64"/>
	<SubTexture name="sideChip_purple.png" x="668" y="1500" width="123" height="64"/>
	<SubTexture name="sideChip_red.png" x="527" y="1967" width="123" height="64"/>
	<SubTexture name="sideChip_smallBlind.png" x="668" y="1566" width="122" height="64"/>
	<SubTexture name="sideChip_white.png" x="668" y="1632" width="122" height="64"/>
	<SubTexture name="sideChip_yellow.png" x="668" y="1764" width="122" height="64"/>
	<SubTexture name="spade_10.png" x="134" y="1496" width="132" height="185"/>
	<SubTexture name="spade_2.png" x="134" y="1683" width="132" height="185"/>
	<SubTexture name="spade_3.png" x="268" y="0" width="132" height="185"/>
	<SubTexture name="spade_4.png" x="268" y="187" width="132" height="185"/>
	<SubTexture name="spade_5.png" x="268" y="374" width="132" height="185"/>
	<SubTexture name="spade_6.png" x="268" y="561" width="132" height="185"/>
	<SubTexture name="spade_7.png" x="134" y="1870" width="132" height="174"/>
	<SubTexture name="spade_8.png" x="268" y="748" width="132" height="183"/>
	<SubTexture name="spade_9.png" x="268" y="933" width="132" height="185"/>
	<SubTexture name="spade_A.png" x="402" y="726" width="132" height="174"/>
	<SubTexture name="spade_J.png" x="0" y="1683" width="132" height="185"/>
	<SubTexture name="spade_K.png" x="134" y="0" width="132" height="185"/>
	<SubTexture name="spade_Q.png" x="134" y="187" width="132" height="185"/>
</TextureAtlas>