<TextureAtlas imagePath="sprites.png">
	<SubTexture name="WaveCandy_2RoundLeft.png" x="858" y="400" width="64" height="64"/>
	<SubTexture name="WaveCandy_2RoundRight.png" x="858" y="334" width="64" height="64"/>
	<SubTexture name="WaveCandy_HalfSquare.png" x="858" y="198" width="64" height="32"/>
	<SubTexture name="WaveCandy_Half_2RoundLeft.png" x="858" y="300" width="64" height="32"/>
	<SubTexture name="WaveCandy_Half_2RoundRight.png" x="858" y="266" width="64" height="32"/>
	<SubTexture name="WaveCandy_Half_Round.png" x="858" y="232" width="64" height="32"/>
	<SubTexture name="WaveCandy_MudSquare.png" x="792" y="794" width="64" height="64"/>
	<SubTexture name="WaveCandy_Mud_2RoundLeft.png" x="858" y="132" width="64" height="64"/>
	<SubTexture name="WaveCandy_Mud_2RoundRight.png" x="858" y="66" width="64" height="64"/>
	<SubTexture name="WaveCandy_Mud_DownRoundLeft.png" x="858" y="0" width="64" height="64"/>
	<SubTexture name="WaveCandy_Mud_DownRoundRight.png" x="792" y="926" width="64" height="64"/>
	<SubTexture name="WaveCandy_Mud_Round.png" x="792" y="860" width="64" height="64"/>
	<SubTexture name="WaveCandy_Round.png" x="792" y="728" width="64" height="64"/>
	<SubTexture name="WaveCandy_SlopeCorner_Left.png" x="792" y="662" width="64" height="64"/>
	<SubTexture name="WaveCandy_SlopeCorner_Right.png" x="792" y="596" width="64" height="64"/>
	<SubTexture name="WaveCandy_SlopeLeft.png" x="792" y="530" width="64" height="64"/>
	<SubTexture name="WaveCandy_SlopeRight.png" x="792" y="464" width="64" height="64"/>
	<SubTexture name="WaveCandy_Square.png" x="792" y="398" width="64" height="64"/>
	<SubTexture name="WaveCandy_UpRpundLeft.png" x="792" y="332" width="64" height="64"/>
	<SubTexture name="WaveCandy_UpRpundRight.png" x="792" y="266" width="64" height="64"/>
	<SubTexture name="WaveDesert_2RoundLeft.png" x="792" y="200" width="64" height="64"/>
	<SubTexture name="WaveDesert_2RoundRight.png" x="792" y="134" width="64" height="64"/>
	<SubTexture name="WaveDesert_HalfSquare.png" x="660" y="990" width="64" height="32"/>
	<SubTexture name="WaveDesert_Half_2RoundLeft.png" x="792" y="100" width="64" height="32"/>
	<SubTexture name="WaveDesert_Half_2RoundRight.png" x="792" y="66" width="64" height="32"/>
	<SubTexture name="WaveDesert_Half_Round.png" x="726" y="990" width="64" height="32"/>
	<SubTexture name="WaveDesert_Round.png" x="792" y="0" width="64" height="64"/>
	<SubTexture name="WaveDesert_SandSquare.png" x="726" y="594" width="64" height="64"/>
	<SubTexture name="WaveDesert_Sand_2RoundLeft.png" x="726" y="924" width="64" height="64"/>
	<SubTexture name="WaveDesert_Sand_2RoundRight.png" x="726" y="858" width="64" height="64"/>
	<SubTexture name="WaveDesert_Sand_DownRoundLeft.png" x="726" y="792" width="64" height="64"/>
	<SubTexture name="WaveDesert_Sand_DownRoundRight.png" x="726" y="726" width="64" height="64"/>
	<SubTexture name="WaveDesert_Sand_Round.png" x="726" y="660" width="64" height="64"/>
	<SubTexture name="WaveDesert_SlopeCorner_Left.png" x="726" y="528" width="64" height="64"/>
	<SubTexture name="WaveDesert_SlopeCorner_Right.png" x="726" y="462" width="64" height="64"/>
	<SubTexture name="WaveDesert_SlopeLeft.png" x="726" y="396" width="64" height="64"/>
	<SubTexture name="WaveDesert_SlopeRight.png" x="726" y="330" width="64" height="64"/>
	<SubTexture name="WaveDesert_Square.png" x="726" y="264" width="64" height="64"/>
	<SubTexture name="WaveDesert_UpRoundLeft.png" x="726" y="198" width="64" height="64"/>
	<SubTexture name="WaveDesert_UpRoundRight.png" x="726" y="132" width="64" height="64"/>
	<SubTexture name="WaveForest_2RoundLeft.png" x="726" y="66" width="64" height="64"/>
	<SubTexture name="WaveForest_2RoundRight.png" x="726" y="0" width="64" height="64"/>
	<SubTexture name="WaveForest_HalfSquare.png" x="594" y="960" width="64" height="32"/>
	<SubTexture name="WaveForest_Half_2RoundLeft.png" x="660" y="926" width="64" height="32"/>
	<SubTexture name="WaveForest_Half_2RoundRight.png" x="660" y="892" width="64" height="32"/>
	<SubTexture name="WaveForest_Half_Round.png" x="660" y="858" width="64" height="32"/>
	<SubTexture name="WaveForest_MudSquare.png" x="660" y="462" width="64" height="64"/>
	<SubTexture name="WaveForest_Mud_2RoundLeft.png" x="660" y="792" width="64" height="64"/>
	<SubTexture name="WaveForest_Mud_2RoundRight.png" x="660" y="726" width="64" height="64"/>
	<SubTexture name="WaveForest_Mud_DownRoundLeft.png" x="660" y="660" width="64" height="64"/>
	<SubTexture name="WaveForest_Mud_DownRoundRight.png" x="660" y="594" width="64" height="64"/>
	<SubTexture name="WaveForest_Mud_Round.png" x="660" y="528" width="64" height="64"/>
	<SubTexture name="WaveForest_Round.png" x="660" y="396" width="64" height="64"/>
	<SubTexture name="WaveForest_SlopeCorner_Left.png" x="660" y="330" width="64" height="64"/>
	<SubTexture name="WaveForest_SlopeCorner_Right.png" x="660" y="264" width="64" height="64"/>
	<SubTexture name="WaveForest_SlopeLeft.png" x="660" y="198" width="64" height="64"/>
	<SubTexture name="WaveForest_SlopeRight.png" x="660" y="132" width="64" height="64"/>
	<SubTexture name="WaveForest_Square.png" x="660" y="66" width="64" height="64"/>
	<SubTexture name="WaveForest_UpRoundLeft.png" x="660" y="0" width="64" height="64"/>
	<SubTexture name="WaveForest_UpRoundRight.png" x="594" y="894" width="64" height="64"/>
	<SubTexture name="WaveGrass_2RoundLeft.png" x="594" y="828" width="64" height="64"/>
	<SubTexture name="WaveGrass_2RoundRight.png" x="594" y="762" width="64" height="64"/>
	<SubTexture name="WaveGrass_HalfSquare.png" x="528" y="960" width="64" height="32"/>
	<SubTexture name="WaveGrass_Half_LeftRound.png" x="594" y="728" width="64" height="32"/>
	<SubTexture name="WaveGrass_Half_RightRound.png" x="594" y="694" width="64" height="32"/>
	<SubTexture name="WaveGrass_Half_Round.png" x="594" y="660" width="64" height="32"/>
	<SubTexture name="WaveGrass_MudSquare.png" x="594" y="264" width="64" height="64"/>
	<SubTexture name="WaveGrass_Mud_2RoundLeft.png" x="594" y="594" width="64" height="64"/>
	<SubTexture name="WaveGrass_Mud_2RoundRight.png" x="594" y="528" width="64" height="64"/>
	<SubTexture name="WaveGrass_Mud_DownRoundLeft.png" x="594" y="462" width="64" height="64"/>
	<SubTexture name="WaveGrass_Mud_DownRoundRight.png" x="594" y="396" width="64" height="64"/>
	<SubTexture name="WaveGrass_Mud_Round.png" x="594" y="330" width="64" height="64"/>
	<SubTexture name="WaveGrass_Roundt.png" x="594" y="198" width="64" height="64"/>
	<SubTexture name="WaveGrass_SlopeCorner_Left.png" x="594" y="132" width="64" height="64"/>
	<SubTexture name="WaveGrass_SlopeCorner_Right.png" x="594" y="66" width="64" height="64"/>
	<SubTexture name="WaveGrass_SlopeLeft.png" x="594" y="0" width="64" height="64"/>
	<SubTexture name="WaveGrass_SlopeRight.png" x="528" y="894" width="64" height="64"/>
	<SubTexture name="WaveGrass_Square.png" x="528" y="828" width="64" height="64"/>
	<SubTexture name="WaveGrass_UpRoundLeft.png" x="528" y="762" width="64" height="64"/>
	<SubTexture name="WaveGrass_UpRoundRight.png" x="528" y="696" width="64" height="64"/>
	<SubTexture name="WaveSnow_2RoundLeft.png" x="528" y="630" width="64" height="64"/>
	<SubTexture name="WaveSnow_2RoundRight.png" x="528" y="564" width="64" height="64"/>
	<SubTexture name="WaveSnow_HalfSquare.png" x="462" y="960" width="64" height="32"/>
	<SubTexture name="WaveSnow_Half_2RoundLeft.png" x="528" y="530" width="64" height="32"/>
	<SubTexture name="WaveSnow_Half_2RoundRight.png" x="528" y="496" width="64" height="32"/>
	<SubTexture name="WaveSnow_Half_Round.png" x="528" y="462" width="64" height="32"/>
	<SubTexture name="WaveSnow_IceSquare.png" x="528" y="66" width="64" height="64"/>
	<SubTexture name="WaveSnow_Ice_2RoundLeft.png" x="528" y="396" width="64" height="64"/>
	<SubTexture name="WaveSnow_Ice_2RoundRight.png" x="528" y="330" width="64" height="64"/>
	<SubTexture name="WaveSnow_Ice_DownRoundLeft.png" x="528" y="264" width="64" height="64"/>
	<SubTexture name="WaveSnow_Ice_DownRoundRight.png" x="528" y="198" width="64" height="64"/>
	<SubTexture name="WaveSnow_Ice_Round.png" x="528" y="132" width="64" height="64"/>
	<SubTexture name="WaveSnow_Round.png" x="528" y="0" width="64" height="64"/>
	<SubTexture name="WaveSnow_SlopeCorner_Left.png" x="462" y="894" width="64" height="64"/>
	<SubTexture name="WaveSnow_SlopeCorner_Right.png" x="462" y="828" width="64" height="64"/>
	<SubTexture name="WaveSnow_SlopeLeft.png" x="462" y="762" width="64" height="64"/>
	<SubTexture name="WaveSnow_SlopeRight.png" x="462" y="696" width="64" height="64"/>
	<SubTexture name="WaveSnow_Square.png" x="462" y="630" width="64" height="64"/>
	<SubTexture name="WaveSnow_UpRoundLeft.png" x="462" y="564" width="64" height="64"/>
	<SubTexture name="WaveSnow_UpRoundRight.png" x="462" y="498" width="64" height="64"/>
	<SubTexture name="WaveYellow_2RoundLeft.png" x="462" y="432" width="64" height="64"/>
	<SubTexture name="WaveYellow_2RoundRight.png" x="462" y="366" width="64" height="64"/>
	<SubTexture name="WaveYellow_HalfSquare.png" x="396" y="960" width="64" height="32"/>
	<SubTexture name="WaveYellow_Half_2RoundLeft.png" x="462" y="332" width="64" height="32"/>
	<SubTexture name="WaveYellow_Half_2RoundRight.png" x="462" y="298" width="64" height="32"/>
	<SubTexture name="WaveYellow_Half_Round.png" x="462" y="264" width="64" height="32"/>
	<SubTexture name="WaveYellow_MudSquare.png" x="396" y="828" width="64" height="64"/>
	<SubTexture name="WaveYellow_Mud_2RoundLeft.png" x="462" y="198" width="64" height="64"/>
	<SubTexture name="WaveYellow_Mud_2RoundRight.png" x="924" y="264" width="64" height="64"/>
	<SubTexture name="WaveYellow_Mud_DownRoundLeft.png" x="462" y="66" width="64" height="64"/>
	<SubTexture name="WaveYellow_Mud_DownRoundRight.png" x="462" y="0" width="64" height="64"/>
	<SubTexture name="WaveYellow_Mud_Round.png" x="396" y="894" width="64" height="64"/>
	<SubTexture name="WaveYellow_Round.png" x="396" y="762" width="64" height="64"/>
	<SubTexture name="WaveYellow_SlopeCorner_Left.png" x="396" y="696" width="64" height="64"/>
	<SubTexture name="WaveYellow_SlopeCorner_Right.png" x="396" y="630" width="64" height="64"/>
	<SubTexture name="WaveYellow_SlopeLeft.png" x="396" y="564" width="64" height="64"/>
	<SubTexture name="WaveYellow_SlopeRight.png" x="396" y="498" width="64" height="64"/>
	<SubTexture name="WaveYellow_Square.png" x="396" y="432" width="64" height="64"/>
	<SubTexture name="WaveYellow_UpRoundLeft.png" x="396" y="366" width="64" height="64"/>
	<SubTexture name="WaveYellow_UpRoundRight.png" x="396" y="300" width="64" height="64"/>
	<SubTexture name="ZigzagCandy_2RoundLeft.png" x="396" y="234" width="64" height="64"/>
	<SubTexture name="ZigzagCandy_2RoundRight.png" x="396" y="168" width="64" height="64"/>
	<SubTexture name="ZigzagCandy_HalfSquare.png" x="330" y="990" width="64" height="32"/>
	<SubTexture name="ZigzagCandy_Half_2RoundLeft.png" x="396" y="134" width="64" height="32"/>
	<SubTexture name="ZigzagCandy_Half_2RoundRight.png" x="396" y="100" width="64" height="32"/>
	<SubTexture name="ZigzagCandy_Half_Round.png" x="396" y="66" width="64" height="32"/>
	<SubTexture name="ZigzagCandy_MudSquare.png" x="330" y="660" width="64" height="64"/>
	<SubTexture name="ZigzagCandy_Mud_2RoundLeft.png" x="396" y="0" width="64" height="64"/>
	<SubTexture name="ZigzagCandy_Mud_2RoundRight.png" x="330" y="924" width="64" height="64"/>
	<SubTexture name="ZigzagCandy_Mud_DownRoundLeft.png" x="330" y="858" width="64" height="64"/>
	<SubTexture name="ZigzagCandy_Mud_DownRoundRight.png" x="330" y="792" width="64" height="64"/>
	<SubTexture name="ZigzagCandy_Mud_Round.png" x="330" y="726" width="64" height="64"/>
	<SubTexture name="ZigzagCandy_Round.png" x="330" y="594" width="64" height="64"/>
	<SubTexture name="ZigzagCandy_SlopeCorner_Left.png" x="330" y="528" width="64" height="64"/>
	<SubTexture name="ZigzagCandy_SlopeCorner_Right.png" x="330" y="462" width="64" height="64"/>
	<SubTexture name="ZigzagCandy_SlopeLeft.png" x="330" y="396" width="64" height="64"/>
	<SubTexture name="ZigzagCandy_SlopeRight.png" x="330" y="330" width="64" height="64"/>
	<SubTexture name="ZigzagCandy_Square.png" x="330" y="264" width="64" height="64"/>
	<SubTexture name="ZigzagCandy_UpRoundLeft.png" x="330" y="198" width="64" height="64"/>
	<SubTexture name="ZigzagCandy_UpRoundRight.png" x="330" y="132" width="64" height="64"/>
	<SubTexture name="ZigzagDesert_2RoundLeft.png" x="330" y="66" width="64" height="64"/>
	<SubTexture name="ZigzagDesert_2RoundRight.png" x="330" y="0" width="64" height="64"/>
	<SubTexture name="ZigzagDesert_HalfSquare.png" x="264" y="858" width="64" height="32"/>
	<SubTexture name="ZigzagDesert_Half_2RoundLeft.png" x="264" y="960" width="64" height="32"/>
	<SubTexture name="ZigzagDesert_Half_2RoundRight.png" x="264" y="926" width="64" height="32"/>
	<SubTexture name="ZigzagDesert_Half_Round.png" x="264" y="892" width="64" height="32"/>
	<SubTexture name="ZigzagDesert_Round.png" x="264" y="792" width="64" height="64"/>
	<SubTexture name="ZigzagDesert_SandSquare.png" x="264" y="396" width="64" height="64"/>
	<SubTexture name="ZigzagDesert_Sand_2RoundLeft.png" x="264" y="726" width="64" height="64"/>
	<SubTexture name="ZigzagDesert_Sand_2RoundRight.png" x="264" y="660" width="64" height="64"/>
	<SubTexture name="ZigzagDesert_Sand_DownRoundLeft.png" x="264" y="594" width="64" height="64"/>
	<SubTexture name="ZigzagDesert_Sand_DownRoundRight.png" x="264" y="528" width="64" height="64"/>
	<SubTexture name="ZigzagDesert_Sand_Round.png" x="264" y="462" width="64" height="64"/>
	<SubTexture name="ZigzagDesert_SlopeCorner_Left.png" x="264" y="330" width="64" height="64"/>
	<SubTexture name="ZigzagDesert_SlopeCorner_Right.png" x="264" y="264" width="64" height="64"/>
	<SubTexture name="ZigzagDesert_SlopeLeft.png" x="264" y="198" width="64" height="64"/>
	<SubTexture name="ZigzagDesert_SlopeRight.png" x="264" y="132" width="64" height="64"/>
	<SubTexture name="ZigzagDesert_Square.png" x="264" y="66" width="64" height="64"/>
	<SubTexture name="ZigzagDesert_UpRoundLeft.png" x="264" y="0" width="64" height="64"/>
	<SubTexture name="ZigzagDesert_UpRoundRight.png" x="198" y="928" width="64" height="64"/>
	<SubTexture name="ZigzagForest_2RoundLeft.png" x="198" y="862" width="64" height="64"/>
	<SubTexture name="ZigzagForest_2RoundRight.png" x="198" y="796" width="64" height="64"/>
	<SubTexture name="ZigzagForest_HalfSquare.png" x="198" y="660" width="64" height="32"/>
	<SubTexture name="ZigzagForest_Half_2RoundLeft.png" x="198" y="762" width="64" height="32"/>
	<SubTexture name="ZigzagForest_Half_2RoundRight.png" x="198" y="728" width="64" height="32"/>
	<SubTexture name="ZigzagForest_Half_Round.png" x="198" y="694" width="64" height="32"/>
	<SubTexture name="ZigzagForest_Mud _2RoundLeft.png" x="198" y="594" width="64" height="64"/>
	<SubTexture name="ZigzagForest_Mud _2RoundRight.png" x="198" y="528" width="64" height="64"/>
	<SubTexture name="ZigzagForest_Mud _DownRoundLeft.png" x="198" y="462" width="64" height="64"/>
	<SubTexture name="ZigzagForest_Mud _DownRoundRight.png" x="198" y="396" width="64" height="64"/>
	<SubTexture name="ZigzagForest_Mud _Round.png" x="198" y="330" width="64" height="64"/>
	<SubTexture name="ZigzagForest_MudSquare.png" x="198" y="264" width="64" height="64"/>
	<SubTexture name="ZigzagForest_Round.png" x="198" y="198" width="64" height="64"/>
	<SubTexture name="ZigzagForest_SlopeCorner_Left.png" x="198" y="132" width="64" height="64"/>
	<SubTexture name="ZigzagForest_SlopeCorner_Right.png" x="198" y="66" width="64" height="64"/>
	<SubTexture name="ZigzagForest_SlopeLeft.png" x="198" y="0" width="64" height="64"/>
	<SubTexture name="ZigzagForest_SlopeRight.png" x="132" y="928" width="64" height="64"/>
	<SubTexture name="ZigzagForest_Square.png" x="132" y="862" width="64" height="64"/>
	<SubTexture name="ZigzagForest_UpRoundLeft.png" x="132" y="796" width="64" height="64"/>
	<SubTexture name="ZigzagForest_UpRoundRight.png" x="132" y="730" width="64" height="64"/>
	<SubTexture name="ZigzagGrass_2RoundLeft.png" x="132" y="664" width="64" height="64"/>
	<SubTexture name="ZigzagGrass_2RoundRight.png" x="132" y="598" width="64" height="64"/>
	<SubTexture name="ZigzagGrass_HalfSquare.png" x="132" y="462" width="64" height="32"/>
	<SubTexture name="ZigzagGrass_Half_LeftRound.png" x="132" y="564" width="64" height="32"/>
	<SubTexture name="ZigzagGrass_Half_RightRound.png" x="132" y="530" width="64" height="32"/>
	<SubTexture name="ZigzagGrass_Half_Round.png" x="132" y="496" width="64" height="32"/>
	<SubTexture name="ZigzagGrass_MudSquare.png" x="132" y="66" width="64" height="64"/>
	<SubTexture name="ZigzagGrass_Mud_2RoundLeft.png" x="132" y="396" width="64" height="64"/>
	<SubTexture name="ZigzagGrass_Mud_2RoundRight.png" x="132" y="330" width="64" height="64"/>
	<SubTexture name="ZigzagGrass_Mud_DownRoundLeft.png" x="132" y="264" width="64" height="64"/>
	<SubTexture name="ZigzagGrass_Mud_DownRoundRight.png" x="132" y="198" width="64" height="64"/>
	<SubTexture name="ZigzagGrass_Mud_Round.png" x="132" y="132" width="64" height="64"/>
	<SubTexture name="ZigzagGrass_Round.png" x="132" y="0" width="64" height="64"/>
	<SubTexture name="ZigzagGrass_SlopeCorner_Left.png" x="66" y="928" width="64" height="64"/>
	<SubTexture name="ZigzagGrass_SlopeCorner_Right.png" x="66" y="862" width="64" height="64"/>
	<SubTexture name="ZigzagGrass_SlopeLeft.png" x="66" y="796" width="64" height="64"/>
	<SubTexture name="ZigzagGrass_SlopeRight.png" x="66" y="730" width="64" height="64"/>
	<SubTexture name="ZigzagGrass_Squar.png" x="66" y="664" width="64" height="64"/>
	<SubTexture name="ZigzagGrass_UpRoundLeft.png" x="66" y="598" width="64" height="64"/>
	<SubTexture name="ZigzagGrass_UpRoundRight.png" x="66" y="532" width="64" height="64"/>
	<SubTexture name="ZigzagSnow_ HalfRound.png" x="66" y="430" width="64" height="32"/>
	<SubTexture name="ZigzagSnow_ HalfSquare.png" x="66" y="396" width="64" height="32"/>
	<SubTexture name="ZigzagSnow_ Half_RoundLeft.png" x="66" y="498" width="64" height="32"/>
	<SubTexture name="ZigzagSnow_ Half_RoundRight.png" x="66" y="464" width="64" height="32"/>
	<SubTexture name="ZigzagSnow_2RoundLeft.png" x="66" y="330" width="64" height="64"/>
	<SubTexture name="ZigzagSnow_2RoundRight.png" x="66" y="264" width="64" height="64"/>
	<SubTexture name="ZigzagSnow_IceSquare.png" x="0" y="862" width="64" height="64"/>
	<SubTexture name="ZigzagSnow_Ice_2RoundLeft.png" x="66" y="198" width="64" height="64"/>
	<SubTexture name="ZigzagSnow_Ice_2RoundRight.png" x="66" y="132" width="64" height="64"/>
	<SubTexture name="ZigzagSnow_Ice_DownRoundLeft.png" x="66" y="66" width="64" height="64"/>
	<SubTexture name="ZigzagSnow_Ice_DownRoundRight.png" x="66" y="0" width="64" height="64"/>
	<SubTexture name="ZigzagSnow_Ice_Round.png" x="0" y="928" width="64" height="64"/>
	<SubTexture name="ZigzagSnow_Round.png" x="0" y="796" width="64" height="64"/>
	<SubTexture name="ZigzagSnow_SlopeCorner_Left.png" x="0" y="730" width="64" height="64"/>
	<SubTexture name="ZigzagSnow_SlopeCorner_Right.png" x="0" y="664" width="64" height="64"/>
	<SubTexture name="ZigzagSnow_SlopeLeft.png" x="0" y="598" width="64" height="64"/>
	<SubTexture name="ZigzagSnow_SlopeRight.png" x="0" y="532" width="64" height="64"/>
	<SubTexture name="ZigzagSnow_Square.png" x="0" y="466" width="64" height="64"/>
	<SubTexture name="ZigzagSnow_UpRoundLeft.png" x="0" y="400" width="64" height="64"/>
	<SubTexture name="ZigzagSnow_UpRoundRight.png" x="0" y="334" width="64" height="64"/>
	<SubTexture name="ZigzagYellow_2RoundLeft.png" x="0" y="268" width="64" height="64"/>
	<SubTexture name="ZigzagYellow_2RoundRight.png" x="0" y="202" width="64" height="64"/>
	<SubTexture name="ZigzagYellow_HalfSquare.png" x="0" y="66" width="64" height="32"/>
	<SubTexture name="ZigzagYellow_Half_LeftRound.png" x="0" y="168" width="64" height="32"/>
	<SubTexture name="ZigzagYellow_Half_RightRound.png" x="0" y="134" width="64" height="32"/>
	<SubTexture name="ZigzagYellow_Half_Round.png" x="0" y="100" width="64" height="32"/>
	<SubTexture name="ZigzagYellow_MudSquare.png" x="924" y="0" width="64" height="64"/>
	<SubTexture name="ZigzagYellow_Mud_2RoundLeft.png" x="0" y="0" width="64" height="64"/>
	<SubTexture name="ZigzagYellow_Mud_2RoundRight.png" x="462" y="132" width="64" height="64"/>
	<SubTexture name="ZigzagYellow_Mud_DownRoundLeft.png" x="924" y="198" width="64" height="64"/>
	<SubTexture name="ZigzagYellow_Mud_DownRoundRight.png" x="924" y="132" width="64" height="64"/>
	<SubTexture name="ZigzagYellow_Mud_Round.png" x="924" y="66" width="64" height="64"/>
	<SubTexture name="ZigzagYellow_Round.png" x="858" y="928" width="64" height="64"/>
	<SubTexture name="ZigzagYellow_SlopeCorner_Left.png" x="858" y="862" width="64" height="64"/>
	<SubTexture name="ZigzagYellow_SlopeCorner_Right.png" x="858" y="796" width="64" height="64"/>
	<SubTexture name="ZigzagYellow_SlopeLeft.png" x="858" y="730" width="64" height="64"/>
	<SubTexture name="ZigzagYellow_SlopeRight.png" x="858" y="664" width="64" height="64"/>
	<SubTexture name="ZigzagYellow_Square.png" x="858" y="598" width="64" height="64"/>
	<SubTexture name="ZigzagYellow_UpRoundLeft.png" x="858" y="532" width="64" height="64"/>
	<SubTexture name="ZigzagYellow_UpRoundRight.png" x="858" y="466" width="64" height="64"/>
</TextureAtlas>