<TextureAtlas imagePath="sprites.png">
	<SubTexture name="40-40_BrickBeige.png" x="174" y="294" width="40" height="40"/>
	<SubTexture name="40-40_BrickBrown.png" x="174" y="126" width="40" height="40"/>
	<SubTexture name="40-40_BrickDarkGray.png" x="132" y="234" width="40" height="40"/>
	<SubTexture name="40-40_BrickGray.png" x="132" y="192" width="40" height="40"/>
	<SubTexture name="40-40_CrateBlue.png" x="132" y="276" width="40" height="40"/>
	<SubTexture name="40-40_CrateBrown.png" x="174" y="252" width="40" height="40"/>
	<SubTexture name="40-40_CrateGray.png" x="174" y="168" width="40" height="40"/>
	<SubTexture name="40-40_CrateGreen.png" x="132" y="444" width="40" height="40"/>
	<SubTexture name="40-40_CrateOrange.png" x="132" y="360" width="40" height="40"/>
	<SubTexture name="40-40_CrateRed.png" x="174" y="84" width="40" height="40"/>
	<SubTexture name="40-40_EnemyBlockBeige.png" x="174" y="42" width="40" height="40"/>
	<SubTexture name="40-40_EnemyBlockBrown.png" x="133" y="0" width="40" height="40"/>
	<SubTexture name="40-40_EnemyBlockIron.png" x="132" y="150" width="40" height="40"/>
	<SubTexture name="40-40_EnemyBlockRed.png" x="132" y="402" width="40" height="40"/>
	<SubTexture name="64-64_CrateBlue.png" x="0" y="90" width="64" height="64"/>
	<SubTexture name="64-64_CrateBrown.png" x="0" y="221" width="64" height="64"/>
	<SubTexture name="64-64_CrateGray.png" x="67" y="0" width="64" height="64"/>
	<SubTexture name="64-64_CrateGreen.png" x="0" y="287" width="64" height="64"/>
	<SubTexture name="64-64_CrateOrange.png" x="66" y="288" width="64" height="64"/>
	<SubTexture name="64-64_CrateRed.png" x="66" y="354" width="64" height="64"/>
	<SubTexture name="64-64_EnemyBlockBeige.png" x="66" y="90" width="64" height="64"/>
	<SubTexture name="64-64_EnemyBlockBrown.png" x="66" y="222" width="64" height="64"/>
	<SubTexture name="64-64_EnemyBlockIron.png" x="66" y="156" width="64" height="64"/>
	<SubTexture name="64-64_EnemyBlockRed.png" x="66" y="420" width="64" height="64"/>
	<SubTexture name="CoinBlue_Shade.png" x="150" y="486" width="22" height="21"/>
	<SubTexture name="CoinGreen.png" x="102" y="486" width="22" height="21"/>
	<SubTexture name="CoinGreen_Shade.png" x="133" y="42" width="21" height="21"/>
	<SubTexture name="CoinRed_Shade.png" x="91" y="66" width="22" height="21"/>
	<SubTexture name="CoinYellow.png" x="175" y="0" width="21" height="21"/>
	<SubTexture name="CoinYellow_Shade.png" x="78" y="486" width="22" height="21"/>
	<SubTexture name="ExclamationMarkBlock_Brown.png" x="132" y="66" width="40" height="40"/>
	<SubTexture name="ExclamationMarkBlock_Yellow.png" x="132" y="108" width="40" height="40"/>
	<SubTexture name="FloatingBar_Blue.png" x="0" y="0" width="65" height="20"/>
	<SubTexture name="FloatingBar_Brown.png" x="0" y="179" width="64" height="20"/>
	<SubTexture name="FloatingBar_Gray.png" x="0" y="156" width="64" height="21"/>
	<SubTexture name="FloatingBar_Green.png" x="0" y="68" width="65" height="20"/>
	<SubTexture name="FloatingBar_Orange.png" x="0" y="22" width="65" height="21"/>
	<SubTexture name="FloatingBar_Red.png" x="0" y="45" width="65" height="21"/>
	<SubTexture name="LifeHearth_Empty.png" x="26" y="475" width="24" height="20"/>
	<SubTexture name="LifeHearth_Full.png" x="0" y="475" width="24" height="20"/>
	<SubTexture name="LifeHearth_Half.png" x="52" y="486" width="24" height="20"/>
	<SubTexture name="Plate.png" x="174" y="463" width="33" height="38"/>
	<SubTexture name="Plate_Skew.png" x="174" y="421" width="34" height="40"/>
	<SubTexture name="QuestionBlock_Brown.png" x="132" y="318" width="40" height="40"/>
	<SubTexture name="QuestionBlock_Yellow.png" x="174" y="210" width="40" height="40"/>
	<SubTexture name="SignLeft.png" x="174" y="379" width="37" height="40"/>
	<SubTexture name="SignRight.png" x="174" y="336" width="37" height="41"/>
	<SubTexture name="SignUpLeft.png" x="213" y="336" width="32" height="45"/>
	<SubTexture name="SignUpRight.png" x="209" y="463" width="32" height="45"/>
	<SubTexture name="SpearsDown_Brown.png" x="0" y="201" width="64" height="18"/>
	<SubTexture name="SpearsDown_Gray.png" x="0" y="353" width="64" height="17"/>
	<SubTexture name="SpearsUp_Brown.png" x="0" y="372" width="64" height="50"/>
	<SubTexture name="SpearsUp_Gray.png" x="0" y="424" width="64" height="49"/>
	<SubTexture name="coinBlue.png" x="126" y="486" width="22" height="21"/>
	<SubTexture name="coinRed.png" x="67" y="66" width="22" height="21"/>
</TextureAtlas>